District,Total,Date
Ariyalur,21613,01-04-2021
Chengalpattu,122542,01-04-2021
Chennai,769935,01-04-2021
Coimbatore,195513,01-04-2021
Cuddalore,73350,01-04-2021
Dharmapuri,49665,01-04-2021
Dindigul,64599,01-04-2021
Erode,68364,01-04-2021
Kallakurichi,31963,01-04-2021
Kancheepuram,35614,01-04-2021
Kanniyakumari,58603,01-04-2021
Karur,34005,01-04-2021
Krishnagiri,82308,01-04-2021
Madurai,123095,01-04-2021
Nagapattinam,31191,01-04-2021
Namakkal,79705,01-04-2021
The Nilgiris,71691,01-04-2021
Perambalur,20807,01-04-2021
Pudukkottai,42944,01-04-2021
Ramanathapuram,33139,01-04-2021
Ranipet,23098,01-04-2021
Salem,194555,01-04-2021
Sivagangai,36221,01-04-2021
Tenkasi,34222,01-04-2021
Thanjavur,78279,01-04-2021
Theni,27147,01-04-2021
Thoothukudi,36789,01-04-2021
Tiruchirapalli,112607,01-04-2021
Tirunelveli,37745,01-04-2021
Tirupathur,30792,01-04-2021
Tiruppur,66578,01-04-2021
Tiruvallur,88747,01-04-2021
Tiruvannamalai,44632,01-04-2021
Tiruvarur,21317,01-04-2021
Vellore,86575,01-04-2021
Villupuram,73473,01-04-2021
Virudhunagar,111200,01-04-2021
Ariyalur,42209,01-05-2021
Chengalpattu,253093,01-05-2021
Chennai,1489824,01-05-2021
Coimbatore,420719,01-05-2021
Cuddalore,142736,01-05-2021
Dharmapuri,87069,01-05-2021
Dindigul,136797,01-05-2021
Erode,137057,01-05-2021
Kallakurichi,55729,01-05-2021
Kancheepuram,67702,01-05-2021
Kanniyakumari,118684,01-05-2021
Karur,54978,01-05-2021
Krishnagiri,130383,01-05-2021
Madurai,226645,01-05-2021
Nagapattinam,58293,01-05-2021
Namakkal,141673,01-05-2021
The Nilgiris,134372,01-05-2021
Perambalur,33936,01-05-2021
Pudukkottai,81827,01-05-2021
Ramanathapuram,70825,01-05-2021
Ranipet,46185,01-05-2021
Salem,341921,01-05-2021
Sivagangai,66386,01-05-2021
Tenkasi,59832,01-05-2021
Thanjavur,141729,01-05-2021
Theni,58410,01-05-2021
Thoothukudi,79404,01-05-2021
Tiruchirapalli,213558,01-05-2021
Tirunelveli,73599,01-05-2021
Tirupathur,68017,01-05-2021
Tiruppur,135336,01-05-2021
Tiruvallur,183483,01-05-2021
Tiruvannamalai,82085,01-05-2021
Tiruvarur,45361,01-05-2021
Vellore,168592,01-05-2021
Villupuram,100773,01-05-2021
Virudhunagar,185263,01-05-2021
Ariyalur,73058,01-06-2021
Chengalpattu,365153,01-06-2021
Chennai,2027822,01-06-2021
Coimbatore,609487,01-06-2021
Cuddalore,207463,01-06-2021
Dharmapuri,140021,01-06-2021
Dindigul,213175,01-06-2021
Erode,218238,01-06-2021
Kallakurichi,98590,01-06-2021
Kancheepuram,128365,01-06-2021
Kanniyakumari,188314,01-06-2021
Karur,98081,01-06-2021
Krishnagiri,217217,01-06-2021
Madurai,350741,01-06-2021
Nagapattinam,102507,01-06-2021
Namakkal,222067,01-06-2021
The Nilgiris,189140,01-06-2021
Perambalur,54485,01-06-2021
Pudukkottai,140851,01-06-2021
Ramanathapuram,114259,01-06-2021
Ranipet,78748,01-06-2021
Salem,492671,01-06-2021
Sivagangai,115763,01-06-2021
Tenkasi,108091,01-06-2021
Thanjavur,213460,01-06-2021
Theni,102498,01-06-2021
Thoothukudi,155179,01-06-2021
Tiruchirapalli,325807,01-06-2021
Tirunelveli,142276,01-06-2021
Tirupathur,113677,01-06-2021
Tiruppur,235317,01-06-2021
Tiruvallur,288365,01-06-2021
Tiruvannamalai,148711,01-06-2021
Tiruvarur,91475,01-06-2021
Vellore,222271,01-06-2021
Villupuram,163550,01-06-2021
Virudhunagar,274142,01-06-2021
Ariyalur,21830,02-04-2021
Chengalpattu,125183,02-04-2021
Chennai,790235,02-04-2021
Coimbatore,203106,02-04-2021
Cuddalore,75031,02-04-2021
Dharmapuri,50247,02-04-2021
Dindigul,65899,02-04-2021
Erode,69502,02-04-2021
Kallakurichi,32465,02-04-2021
Kancheepuram,36026,02-04-2021
Kanniyakumari,59578,02-04-2021
Karur,34606,02-04-2021
Krishnagiri,83216,02-04-2021
Madurai,125229,02-04-2021
Nagapattinam,31803,02-04-2021
Namakkal,81212,02-04-2021
The Nilgiris,72993,02-04-2021
Perambalur,20963,02-04-2021
Pudukkottai,43390,02-04-2021
Ramanathapuram,33636,02-04-2021
Ranipet,23529,02-04-2021
Salem,196659,02-04-2021
Sivagangai,37063,02-04-2021
Tenkasi,34383,02-04-2021
Thanjavur,79806,02-04-2021
Theni,27815,02-04-2021
Thoothukudi,37396,02-04-2021
Tiruchirapalli,114481,02-04-2021
Tirunelveli,38332,02-04-2021
Tirupathur,31638,02-04-2021
Tiruppur,67757,02-04-2021
Tiruvallur,90444,02-04-2021
Tiruvannamalai,45241,02-04-2021
Tiruvarur,21583,02-04-2021
Vellore,87102,02-04-2021
Villupuram,73861,02-04-2021
Virudhunagar,112109,02-04-2021
Ariyalur,42231,02-05-2021
Chengalpattu,253585,02-05-2021
Chennai,1492075,02-05-2021
Coimbatore,421087,02-05-2021
Cuddalore,142898,02-05-2021
Dharmapuri,87114,02-05-2021
Dindigul,136830,02-05-2021
Erode,137229,02-05-2021
Kallakurichi,55744,02-05-2021
Kancheepuram,67775,02-05-2021
Kanniyakumari,118784,02-05-2021
Karur,54978,02-05-2021
Krishnagiri,130941,02-05-2021
Madurai,227290,02-05-2021
Nagapattinam,58323,02-05-2021
Namakkal,141713,02-05-2021
The Nilgiris,134471,02-05-2021
Perambalur,33966,02-05-2021
Pudukkottai,81993,02-05-2021
Ramanathapuram,70870,02-05-2021
Ranipet,46268,02-05-2021
Salem,342001,02-05-2021
Sivagangai,66394,02-05-2021
Tenkasi,59859,02-05-2021
Thanjavur,141933,02-05-2021
Theni,58424,02-05-2021
Thoothukudi,79494,02-05-2021
Tiruchirapalli,213558,02-05-2021
Tirunelveli,73599,02-05-2021
Tirupathur,68036,02-05-2021
Tiruppur,135410,02-05-2021
Tiruvallur,183652,02-05-2021
Tiruvannamalai,82116,02-05-2021
Tiruvarur,45371,02-05-2021
Vellore,168632,02-05-2021
Villupuram,100808,02-05-2021
Virudhunagar,185469,02-05-2021
Ariyalur,617,02-06-2021
Chengalpattu,801,02-06-2021
Chennai,4866,02-06-2021
Coimbatore,3054,02-06-2021
Cuddalore,4117,02-06-2021
Dharmapuri,612,02-06-2021
Dindigul,477,02-06-2021
Erode,569,02-06-2021
Kallakurichi,56,02-06-2021
Kancheepuram,735,02-06-2021
Kanniyakumari,406,02-06-2021
Karur,0,02-06-2021
Krishnagiri,2245,02-06-2021
Madurai,973,02-06-2021
Nagapattinam,708,02-06-2021
Namakkal,389,02-06-2021
The Nilgiris,696,02-06-2021
Perambalur,222,02-06-2021
Pudukkottai,842,02-06-2021
Ramanathapuram,2137,02-06-2021
Ranipet,1203,02-06-2021
Salem,3156,02-06-2021
Sivagangai,1718,02-06-2021
Tenkasi,219,02-06-2021
Thanjavur,225,02-06-2021
Theni,6428,02-06-2021
Thoothukudi,2975,02-06-2021
Tiruchirapalli,2859,02-06-2021
Tirunelveli,1368,02-06-2021
Tirupathur,2222,02-06-2021
Tiruppur,1877,02-06-2021
Tiruvallur,1258,02-06-2021
Tiruvannamalai,1845,02-06-2021
Tiruvarur,12,02-06-2021
Vellore,938,02-06-2021
Villupuram,1329,02-06-2021
Virudhunagar,686,02-06-2021
Ariyalur,22173,03-04-2021
Chengalpattu,128142,03-04-2021
Chennai,811559,03-04-2021
Coimbatore,207400,03-04-2021
Cuddalore,76977,03-04-2021
Dharmapuri,50870,03-04-2021
Dindigul,67017,03-04-2021
Erode,70812,03-04-2021
Kallakurichi,33063,03-04-2021
Kancheepuram,36662,03-04-2021
Kanniyakumari,60728,03-04-2021
Karur,35235,03-04-2021
Krishnagiri,84422,03-04-2021
Madurai,127587,03-04-2021
Nagapattinam,32256,03-04-2021
Namakkal,82807,03-04-2021
The Nilgiris,74179,03-04-2021
Perambalur,21154,03-04-2021
Pudukkottai,43856,03-04-2021
Ramanathapuram,34366,03-04-2021
Ranipet,23884,03-04-2021
Salem,198852,03-04-2021
Sivagangai,37775,03-04-2021
Tenkasi,34856,03-04-2021
Thanjavur,81683,03-04-2021
Theni,28608,03-04-2021
Thoothukudi,38328,03-04-2021
Tiruchirapalli,116352,03-04-2021
Tirunelveli,39058,03-04-2021
Tirupathur,32320,03-04-2021
Tiruppur,69187,03-04-2021
Tiruvallur,92743,03-04-2021
Tiruvannamalai,46184,03-04-2021
Tiruvarur,21832,03-04-2021
Vellore,90261,03-04-2021
Villupuram,74450,03-04-2021
Virudhunagar,113494,03-04-2021
Ariyalur,664,03-05-2021
Chengalpattu,3369,03-05-2021
Chennai,11799,03-05-2021
Coimbatore,3407,03-05-2021
Cuddalore,2363,03-05-2021
Dharmapuri,212,03-05-2021
Dindigul,2362,03-05-2021
Erode,4025,03-05-2021
Kallakurichi,621,03-05-2021
Kancheepuram,775,03-05-2021
Kanniyakumari,2301,03-05-2021
Karur,1263,03-05-2021
Krishnagiri,3477,03-05-2021
Madurai,3352,03-05-2021
Nagapattinam,1006,03-05-2021
Namakkal,2546,03-05-2021
The Nilgiris,1925,03-05-2021
Perambalur,547,03-05-2021
Pudukkottai,1175,03-05-2021
Ramanathapuram,1083,03-05-2021
Ranipet,974,03-05-2021
Salem,7162,03-05-2021
Sivagangai,1055,03-05-2021
Tenkasi,1683,03-05-2021
Thanjavur,1690,03-05-2021
Theni,1098,03-05-2021
Thoothukudi,1093,03-05-2021
Tiruchirapalli,2185,03-05-2021
Tirunelveli,793,03-05-2021
Tirupathur,473,03-05-2021
Tiruppur,1853,03-05-2021
Tiruvallur,2634,03-05-2021
Tiruvannamalai,944,03-05-2021
Tiruvarur,1130,03-05-2021
Vellore,1432,03-05-2021
Villupuram,2386,03-05-2021
Virudhunagar,2433,03-05-2021
Ariyalur,22241,04-04-2021
Chengalpattu,128542,04-04-2021
Chennai,820931,04-04-2021
Coimbatore,207565,04-04-2021
Cuddalore,77323,04-04-2021
Dharmapuri,50994,04-04-2021
Dindigul,67213,04-04-2021
Erode,70921,04-04-2021
Kallakurichi,33083,04-04-2021
Kancheepuram,36838,04-04-2021
Kanniyakumari,60859,04-04-2021
Karur,35358,04-04-2021
Krishnagiri,84570,04-04-2021
Madurai,128691,04-04-2021
Nagapattinam,32355,04-04-2021
Namakkal,82952,04-04-2021
The Nilgiris,74332,04-04-2021
Perambalur,21208,04-04-2021
Pudukkottai,43939,04-04-2021
Ramanathapuram,34435,04-04-2021
Ranipet,23905,04-04-2021
Salem,198947,04-04-2021
Sivagangai,37979,04-04-2021
Tenkasi,34885,04-04-2021
Thanjavur,81683,04-04-2021
Theni,28668,04-04-2021
Thoothukudi,38414,04-04-2021
Tiruchirapalli,116453,04-04-2021
Tirunelveli,39109,04-04-2021
Tirupathur,32358,04-04-2021
Tiruppur,69694,04-04-2021
Tiruvallur,93062,04-04-2021
Tiruvannamalai,46282,04-04-2021
Tiruvarur,21832,04-04-2021
Vellore,90526,04-04-2021
Villupuram,74497,04-04-2021
Virudhunagar,113656,04-04-2021
Ariyalur,43268,04-05-2021
Chengalpattu,260895,04-05-2021
Chennai,1513248,04-05-2021
Coimbatore,424742,04-05-2021
Cuddalore,146798,04-05-2021
Dharmapuri,88796,04-05-2021
Dindigul,140753,04-05-2021
Erode,143298,04-05-2021
Kallakurichi,57101,04-05-2021
Kancheepuram,69505,04-05-2021
Kanniyakumari,122168,04-05-2021
Karur,58169,04-05-2021
Krishnagiri,136473,04-05-2021
Madurai,233264,04-05-2021
Nagapattinam,60006,04-05-2021
Namakkal,145846,04-05-2021
The Nilgiris,136671,04-05-2021
Perambalur,34942,04-05-2021
Pudukkottai,84259,04-05-2021
Ramanathapuram,72763,04-05-2021
Ranipet,47657,04-05-2021
Salem,354015,04-05-2021
Sivagangai,68513,04-05-2021
Tenkasi,62776,04-05-2021
Thanjavur,144773,04-05-2021
Theni,60317,04-05-2021
Thoothukudi,81571,04-05-2021
Tiruchirapalli,219081,04-05-2021
Tirunelveli,75325,04-05-2021
Tirupathur,69113,04-05-2021
Tiruppur,138311,04-05-2021
Tiruvallur,188120,04-05-2021
Tiruvannamalai,83902,04-05-2021
Tiruvarur,46857,04-05-2021
Vellore,171174,04-05-2021
Villupuram,105867,04-05-2021
Virudhunagar,190673,04-05-2021
Ariyalur,23022,05-04-2021
Chengalpattu,136391,05-04-2021
Chennai,859997,05-04-2021
Coimbatore,210798,05-04-2021
Cuddalore,81335,05-04-2021
Dharmapuri,52007,05-04-2021
Dindigul,70189,05-04-2021
Erode,74568,05-04-2021
Kallakurichi,34570,05-04-2021
Kancheepuram,38553,05-04-2021
Kanniyakumari,64074,05-04-2021
Karur,36568,05-04-2021
Krishnagiri,87525,05-04-2021
Madurai,135747,05-04-2021
Nagapattinam,33791,05-04-2021
Namakkal,85860,05-04-2021
The Nilgiris,78776,05-04-2021
Perambalur,21594,05-04-2021
Pudukkottai,46085,05-04-2021
Ramanathapuram,37104,05-04-2021
Ranipet,25032,05-04-2021
Salem,207909,05-04-2021
Sivagangai,39410,05-04-2021
Tenkasi,36010,05-04-2021
Thanjavur,85328,05-04-2021
Theni,30172,05-04-2021
Thoothukudi,40451,05-04-2021
Tiruchirapalli,122208,05-04-2021
Tirunelveli,41431,05-04-2021
Tirupathur,33856,05-04-2021
Tiruppur,74267,05-04-2021
Tiruvallur,97690,05-04-2021
Tiruvannamalai,48316,05-04-2021
Tiruvarur,22535,05-04-2021
Vellore,94093,05-04-2021
Villupuram,76269,05-04-2021
Virudhunagar,117326,05-04-2021
Ariyalur,43795,05-05-2021
Chengalpattu,264464,05-05-2021
Chennai,1524158,05-05-2021
Coimbatore,425934,05-05-2021
Cuddalore,148588,05-05-2021
Dharmapuri,89917,05-05-2021
Dindigul,141457,05-05-2021
Erode,144383,05-05-2021
Kallakurichi,58212,05-05-2021
Kancheepuram,70329,05-05-2021
Kanniyakumari,123051,05-05-2021
Karur,59454,05-05-2021
Krishnagiri,138442,05-05-2021
Madurai,234767,05-05-2021
Nagapattinam,60793,05-05-2021
Namakkal,146458,05-05-2021
The Nilgiris,137330,05-05-2021
Perambalur,35351,05-05-2021
Pudukkottai,85449,05-05-2021
Ramanathapuram,73502,05-05-2021
Ranipet,48616,05-05-2021
Salem,357970,05-05-2021
Sivagangai,69603,05-05-2021
Tenkasi,64064,05-05-2021
Thanjavur,145810,05-05-2021
Theni,61014,05-05-2021
Thoothukudi,82568,05-05-2021
Tiruchirapalli,221791,05-05-2021
Tirunelveli,76441,05-05-2021
Tirupathur,69942,05-05-2021
Tiruppur,138498,05-05-2021
Tiruvallur,190187,05-05-2021
Tiruvannamalai,85132,05-05-2021
Tiruvarur,47606,05-05-2021
Vellore,172315,05-05-2021
Villupuram,107011,05-05-2021
Virudhunagar,192811,05-05-2021
Ariyalur,22764,06-04-2021
Chengalpattu,132630,06-04-2021
Chennai,844910,06-04-2021
Coimbatore,209077,06-04-2021
Cuddalore,79555,06-04-2021
Dharmapuri,51565,06-04-2021
Dindigul,68899,06-04-2021
Erode,72847,06-04-2021
Kallakurichi,33830,06-04-2021
Kancheepuram,37801,06-04-2021
Kanniyakumari,62662,06-04-2021
Karur,35896,06-04-2021
Krishnagiri,85795,06-04-2021
Madurai,132937,06-04-2021
Nagapattinam,33094,06-04-2021
Namakkal,84655,06-04-2021
The Nilgiris,76776,06-04-2021
Perambalur,21381,06-04-2021
Pudukkottai,44903,06-04-2021
Ramanathapuram,35459,06-04-2021
Ranipet,24358,06-04-2021
Salem,203547,06-04-2021
Sivagangai,38790,06-04-2021
Tenkasi,35511,06-04-2021
Thanjavur,83703,06-04-2021
Theni,29310,06-04-2021
Thoothukudi,39552,06-04-2021
Tiruchirapalli,119288,06-04-2021
Tirunelveli,40258,06-04-2021
Tirupathur,33086,06-04-2021
Tiruppur,72364,06-04-2021
Tiruvallur,95673,06-04-2021
Tiruvannamalai,47356,06-04-2021
Tiruvarur,22195,06-04-2021
Vellore,92254,06-04-2021
Villupuram,75232,06-04-2021
Virudhunagar,115180,06-04-2021
Ariyalur,44888,06-05-2021
Chengalpattu,268123,06-05-2021
Chennai,1545478,06-05-2021
Coimbatore,430003,06-05-2021
Cuddalore,150916,06-05-2021
Dharmapuri,91675,06-05-2021
Dindigul,143841,06-05-2021
Erode,146489,06-05-2021
Kallakurichi,59248,06-05-2021
Kancheepuram,71614,06-05-2021
Kanniyakumari,123361,06-05-2021
Karur,60390,06-05-2021
Krishnagiri,141281,06-05-2021
Madurai,239343,06-05-2021
Nagapattinam,61765,06-05-2021
Namakkal,151537,06-05-2021
The Nilgiris,144060,06-05-2021
Perambalur,35709,06-05-2021
Pudukkottai,86915,06-05-2021
Ramanathapuram,74630,06-05-2021
Ranipet,49139,06-05-2021
Salem,364469,06-05-2021
Sivagangai,70997,06-05-2021
Tenkasi,64975,06-05-2021
Thanjavur,148357,06-05-2021
Theni,61677,06-05-2021
Thoothukudi,83663,06-05-2021
Tiruchirapalli,224971,06-05-2021
Tirunelveli,77637,06-05-2021
Tirupathur,70764,06-05-2021
Tiruppur,140674,06-05-2021
Tiruvallur,192741,06-05-2021
Tiruvannamalai,86320,06-05-2021
Tiruvarur,47873,06-05-2021
Vellore,175704,06-05-2021
Villupuram,109733,06-05-2021
Virudhunagar,195782,06-05-2021
Ariyalur,23022,07-04-2021
Chengalpattu,136391,07-04-2021
Chennai,859997,07-04-2021
Coimbatore,210798,07-04-2021
Cuddalore,81335,07-04-2021
Dharmapuri,52007,07-04-2021
Dindigul,70189,07-04-2021
Erode,74568,07-04-2021
Kallakurichi,34570,07-04-2021
Kancheepuram,38553,07-04-2021
Kanniyakumari,64074,07-04-2021
Karur,36568,07-04-2021
Krishnagiri,87525,07-04-2021
Madurai,135747,07-04-2021
Nagapattinam,33791,07-04-2021
Namakkal,85860,07-04-2021
The Nilgiris,78776,07-04-2021
Perambalur,21594,07-04-2021
Pudukkottai,46085,07-04-2021
Ramanathapuram,37104,07-04-2021
Ranipet,25032,07-04-2021
Salem,207909,07-04-2021
Sivagangai,39410,07-04-2021
Tenkasi,36010,07-04-2021
Thanjavur,85328,07-04-2021
Theni,30172,07-04-2021
Thoothukudi,40451,07-04-2021
Tiruchirapalli,122208,07-04-2021
Tirunelveli,41431,07-04-2021
Tirupathur,33856,07-04-2021
Tiruppur,74267,07-04-2021
Tiruvallur,97690,07-04-2021
Tiruvannamalai,48316,07-04-2021
Tiruvarur,22535,07-04-2021
Vellore,94093,07-04-2021
Villupuram,76269,07-04-2021
Virudhunagar,117326,07-04-2021
Ariyalur,45522,07-05-2021
Chengalpattu,270924,07-05-2021
Chennai,1567071,07-05-2021
Coimbatore,434652,07-05-2021
Cuddalore,152871,07-05-2021
Dharmapuri,93494,07-05-2021
Dindigul,146274,07-05-2021
Erode,147626,07-05-2021
Kallakurichi,60666,07-05-2021
Kancheepuram,72703,07-05-2021
Kanniyakumari,126463,07-05-2021
Karur,61191,07-05-2021
Krishnagiri,144194,07-05-2021
Madurai,242430,07-05-2021
Nagapattinam,63045,07-05-2021
Namakkal,155035,07-05-2021
The Nilgiris,146772,07-05-2021
Perambalur,36227,07-05-2021
Pudukkottai,88261,07-05-2021
Ramanathapuram,75784,07-05-2021
Ranipet,49787,07-05-2021
Salem,368246,07-05-2021
Sivagangai,72056,07-05-2021
Tenkasi,65835,07-05-2021
Thanjavur,149709,07-05-2021
Theni,62498,07-05-2021
Thoothukudi,84973,07-05-2021
Tiruchirapalli,227388,07-05-2021
Tirunelveli,79155,07-05-2021
Tirupathur,71732,07-05-2021
Tiruppur,144543,07-05-2021
Tiruvallur,195525,07-05-2021
Tiruvannamalai,87674,07-05-2021
Tiruvarur,48752,07-05-2021
Vellore,177885,07-05-2021
Villupuram,111967,07-05-2021
Virudhunagar,199477,07-05-2021
Ariyalur,23440,08-04-2021
Chengalpattu,140524,08-04-2021
Chennai,880000,08-04-2021
Coimbatore,216229,08-04-2021
Cuddalore,83523,08-04-2021
Dharmapuri,53016,08-04-2021
Dindigul,72878,08-04-2021
Erode,76682,08-04-2021
Kallakurichi,35428,08-04-2021
Kancheepuram,39361,08-04-2021
Kanniyakumari,65687,08-04-2021
Karur,37451,08-04-2021
Krishnagiri,89696,08-04-2021
Madurai,139355,08-04-2021
Nagapattinam,34587,08-04-2021
Namakkal,87684,08-04-2021
The Nilgiris,81060,08-04-2021
Perambalur,21985,08-04-2021
Pudukkottai,47240,08-04-2021
Ramanathapuram,38426,08-04-2021
Ranipet,25486,08-04-2021
Salem,213877,08-04-2021
Sivagangai,40847,08-04-2021
Tenkasi,36893,08-04-2021
Thanjavur,87810,08-04-2021
Theni,30976,08-04-2021
Thoothukudi,41730,08-04-2021
Tiruchirapalli,125851,08-04-2021
Tirunelveli,42537,08-04-2021
Tirupathur,35109,08-04-2021
Tiruppur,76760,08-04-2021
Tiruvallur,100442,08-04-2021
Tiruvannamalai,49548,08-04-2021
Tiruvarur,22928,08-04-2021
Vellore,94903,08-04-2021
Villupuram,77354,08-04-2021
Virudhunagar,119733,08-04-2021
Ariyalur,45705,08-05-2021
Chengalpattu,272788,08-05-2021
Chennai,1587454,08-05-2021
Coimbatore,436867,08-05-2021
Cuddalore,154533,08-05-2021
Dharmapuri,94328,08-05-2021
Dindigul,147198,08-05-2021
Erode,147907,08-05-2021
Kallakurichi,61557,08-05-2021
Kancheepuram,73592,08-05-2021
Kanniyakumari,126962,08-05-2021
Karur,62159,08-05-2021
Krishnagiri,146570,08-05-2021
Madurai,242653,08-05-2021
Nagapattinam,64036,08-05-2021
Namakkal,156199,08-05-2021
The Nilgiris,147330,08-05-2021
Perambalur,36558,08-05-2021
Pudukkottai,89351,08-05-2021
Ramanathapuram,76444,08-05-2021
Ranipet,50446,08-05-2021
Salem,370530,08-05-2021
Sivagangai,72843,08-05-2021
Tenkasi,66527,08-05-2021
Thanjavur,150322,08-05-2021
Theni,63108,08-05-2021
Thoothukudi,86015,08-05-2021
Tiruchirapalli,229069,08-05-2021
Tirunelveli,80445,08-05-2021
Tirupathur,72468,08-05-2021
Tiruppur,146291,08-05-2021
Tiruvallur,197545,08-05-2021
Tiruvannamalai,88707,08-05-2021
Tiruvarur,48763,08-05-2021
Vellore,178420,08-05-2021
Villupuram,114348,08-05-2021
Virudhunagar,202040,08-05-2021
Ariyalur,24191,09-04-2021
Chengalpattu,146103,09-04-2021
Chennai,907070,09-04-2021
Coimbatore,224654,09-04-2021
Cuddalore,86434,09-04-2021
Dharmapuri,54247,09-04-2021
Dindigul,76375,09-04-2021
Erode,80008,09-04-2021
Kallakurichi,36507,09-04-2021
Kancheepuram,40649,09-04-2021
Kanniyakumari,67942,09-04-2021
Karur,38675,09-04-2021
Krishnagiri,92535,09-04-2021
Madurai,144414,09-04-2021
Nagapattinam,35922,09-04-2021
Namakkal,90764,09-04-2021
The Nilgiris,83800,09-04-2021
Perambalur,22624,09-04-2021
Pudukkottai,48781,09-04-2021
Ramanathapuram,40173,09-04-2021
Ranipet,26152,09-04-2021
Salem,222131,09-04-2021
Sivagangai,42442,09-04-2021
Tenkasi,38383,09-04-2021
Thanjavur,91485,09-04-2021
Theni,32368,09-04-2021
Thoothukudi,43407,09-04-2021
Tiruchirapalli,128849,09-04-2021
Tirunelveli,44244,09-04-2021
Tirupathur,37007,09-04-2021
Tiruppur,80211,09-04-2021
Tiruvallur,103950,09-04-2021
Tiruvannamalai,51277,09-04-2021
Tiruvarur,23502,09-04-2021
Vellore,96659,09-04-2021
Villupuram,79022,09-04-2021
Virudhunagar,122350,09-04-2021
Ariyalur,46285,09-05-2021
Chengalpattu,278670,09-05-2021
Chennai,1595021,09-05-2021
Coimbatore,438752,09-05-2021
Cuddalore,154951,09-05-2021
Dharmapuri,94611,09-05-2021
Dindigul,147251,09-05-2021
Erode,147907,09-05-2021
Kallakurichi,61688,09-05-2021
Kancheepuram,73866,09-05-2021
Kanniyakumari,126962,09-05-2021
Karur,62187,09-05-2021
Krishnagiri,146668,09-05-2021
Madurai,245710,09-05-2021
Nagapattinam,64125,09-05-2021
Namakkal,156199,09-05-2021
The Nilgiris,147828,09-05-2021
Perambalur,36670,09-05-2021
Pudukkottai,89599,09-05-2021
Ramanathapuram,76590,09-05-2021
Ranipet,50579,09-05-2021
Salem,370759,09-05-2021
Sivagangai,73053,09-05-2021
Tenkasi,66865,09-05-2021
Thanjavur,150622,09-05-2021
Theni,63137,09-05-2021
Thoothukudi,86337,09-05-2021
Tiruchirapalli,229504,09-05-2021
Tirunelveli,80494,09-05-2021
Tirupathur,72655,09-05-2021
Tiruppur,146434,09-05-2021
Tiruvallur,198036,09-05-2021
Tiruvannamalai,88854,09-05-2021
Tiruvarur,49309,09-05-2021
Vellore,178466,09-05-2021
Villupuram,114487,09-05-2021
Virudhunagar,202395,09-05-2021
Ariyalur,25041,10-04-2021
Chengalpattu,152807,10-04-2021
Chennai,936471,10-04-2021
Coimbatore,238408,10-04-2021
Cuddalore,89894,10-04-2021
Dharmapuri,55953,10-04-2021
Dindigul,79699,10-04-2021
Erode,83124,10-04-2021
Kallakurichi,37564,10-04-2021
Kancheepuram,42133,10-04-2021
Kanniyakumari,70780,10-04-2021
Karur,39940,10-04-2021
Krishnagiri,95243,10-04-2021
Madurai,148788,10-04-2021
Nagapattinam,37082,10-04-2021
Namakkal,93758,10-04-2021
The Nilgiris,86403,10-04-2021
Perambalur,23136,10-04-2021
Pudukkottai,49969,10-04-2021
Ramanathapuram,41839,10-04-2021
Ranipet,27674,10-04-2021
Salem,229274,10-04-2021
Sivagangai,43723,10-04-2021
Tenkasi,39354,10-04-2021
Thanjavur,94677,10-04-2021
Theni,33898,10-04-2021
Thoothukudi,45117,10-04-2021
Tiruchirapalli,133593,10-04-2021
Tirunelveli,46284,10-04-2021
Tirupathur,38777,10-04-2021
Tiruppur,84225,10-04-2021
Tiruvallur,108250,10-04-2021
Tiruvannamalai,52809,10-04-2021
Tiruvarur,24073,10-04-2021
Vellore,97619,10-04-2021
Villupuram,80274,10-04-2021
Virudhunagar,125212,10-04-2021
Ariyalur,47334,10-05-2021
Chengalpattu,282399,10-05-2021
Chennai,1610219,10-05-2021
Coimbatore,444201,10-05-2021
Cuddalore,157243,10-05-2021
Dharmapuri,96041,10-05-2021
Dindigul,150276,10-05-2021
Erode,151343,10-05-2021
Kallakurichi,62727,10-05-2021
Kancheepuram,75009,10-05-2021
Kanniyakumari,130329,10-05-2021
Karur,63339,10-05-2021
Krishnagiri,149937,10-05-2021
Madurai,249851,10-05-2021
Nagapattinam,64962,10-05-2021
Namakkal,161627,10-05-2021
The Nilgiris,151492,10-05-2021
Perambalur,37315,10-05-2021
Pudukkottai,90932,10-05-2021
Ramanathapuram,77554,10-05-2021
Ranipet,51053,10-05-2021
Salem,375058,10-05-2021
Sivagangai,74507,10-05-2021
Tenkasi,67818,10-05-2021
Thanjavur,153477,10-05-2021
Theni,64064,10-05-2021
Thoothukudi,87615,10-05-2021
Tiruchirapalli,232911,10-05-2021
Tirunelveli,81498,10-05-2021
Tirupathur,73442,10-05-2021
Tiruppur,151672,10-05-2021
Tiruvallur,200314,10-05-2021
Tiruvannamalai,90201,10-05-2021
Tiruvarur,50320,10-05-2021
Vellore,179397,10-05-2021
Villupuram,116004,10-05-2021
Virudhunagar,204935,10-05-2021
Ariyalur,48197,11-05-2021
Chengalpattu,285401,11-05-2021
Chennai,1623657,11-05-2021
Coimbatore,455591,11-05-2021
Cuddalore,158996,11-05-2021
Dharmapuri,96394,11-05-2021
Dindigul,151688,11-05-2021
Erode,153251,11-05-2021
Kallakurichi,63439,11-05-2021
Kancheepuram,76317,11-05-2021
Kanniyakumari,131346,11-05-2021
Karur,65178,11-05-2021
Krishnagiri,153417,11-05-2021
Madurai,253109,11-05-2021
Nagapattinam,65434,11-05-2021
Namakkal,163605,11-05-2021
The Nilgiris,152183,11-05-2021
Perambalur,37625,11-05-2021
Pudukkottai,91947,11-05-2021
Ramanathapuram,78563,11-05-2021
Ranipet,51775,11-05-2021
Salem,378941,11-05-2021
Sivagangai,75829,11-05-2021
Tenkasi,68653,11-05-2021
Thanjavur,155351,11-05-2021
Theni,65192,11-05-2021
Thoothukudi,89001,11-05-2021
Tiruchirapalli,235744,11-05-2021
Tirunelveli,82782,11-05-2021
Tirupathur,74364,11-05-2021
Tiruppur,153678,11-05-2021
Tiruvallur,202463,11-05-2021
Tiruvannamalai,91230,11-05-2021
Tiruvarur,51271,11-05-2021
Vellore,181072,11-05-2021
Villupuram,116722,11-05-2021
Virudhunagar,208939,11-05-2021
Ariyalur,49162,12-05-2021
Chengalpattu,288662,12-05-2021
Chennai,1638287,12-05-2021
Coimbatore,459008,12-05-2021
Cuddalore,160703,12-05-2021
Dharmapuri,97597,12-05-2021
Dindigul,154096,12-05-2021
Erode,156226,12-05-2021
Kallakurichi,64038,12-05-2021
Kancheepuram,77452,12-05-2021
Kanniyakumari,134487,12-05-2021
Karur,66821,12-05-2021
Krishnagiri,156245,12-05-2021
Madurai,256345,12-05-2021
Nagapattinam,66277,12-05-2021
Namakkal,167833,12-05-2021
The Nilgiris,155868,12-05-2021
Perambalur,37926,12-05-2021
Pudukkottai,93242,12-05-2021
Ramanathapuram,79644,12-05-2021
Ranipet,52382,12-05-2021
Salem,383161,12-05-2021
Sivagangai,77232,12-05-2021
Tenkasi,70079,12-05-2021
Thanjavur,157235,12-05-2021
Theni,66010,12-05-2021
Thoothukudi,90279,12-05-2021
Tiruchirapalli,239059,12-05-2021
Tirunelveli,84250,12-05-2021
Tirupathur,74898,12-05-2021
Tiruppur,155003,12-05-2021
Tiruvallur,204189,12-05-2021
Tiruvannamalai,92218,12-05-2021
Tiruvarur,51340,12-05-2021
Vellore,182442,12-05-2021
Villupuram,118441,12-05-2021
Virudhunagar,212790,12-05-2021
Ariyalur,28189,13-04-2021
Chengalpattu,170124,13-04-2021
Chennai,1009344,13-04-2021
Coimbatore,280290,13-04-2021
Cuddalore,97784,13-04-2021
Dharmapuri,59972,13-04-2021
Dindigul,90212,13-04-2021
Erode,91846,13-04-2021
Kallakurichi,41193,13-04-2021
Kancheepuram,46689,13-04-2021
Kanniyakumari,80027,13-04-2021
Karur,43010,13-04-2021
Krishnagiri,100096,13-04-2021
Madurai,163038,13-04-2021
Nagapattinam,40952,13-04-2021
Namakkal,102865,13-04-2021
The Nilgiris,95161,13-04-2021
Perambalur,24636,13-04-2021
Pudukkottai,55257,13-04-2021
Ramanathapuram,47076,13-04-2021
Ranipet,30097,13-04-2021
Salem,250209,13-04-2021
Sivagangai,46174,13-04-2021
Tenkasi,42956,13-04-2021
Thanjavur,102561,13-04-2021
Theni,39916,13-04-2021
Thoothukudi,50863,13-04-2021
Tiruchirapalli,146035,13-04-2021
Tirunelveli,51672,13-04-2021
Tirupathur,43678,13-04-2021
Tiruppur,95028,13-04-2021
Tiruvallur,118031,13-04-2021
Tiruvannamalai,57322,13-04-2021
Tiruvarur,25421,13-04-2021
Vellore,112297,13-04-2021
Villupuram,84166,13-04-2021
Virudhunagar,135143,13-04-2021
Ariyalur,50022,13-05-2021
Chengalpattu,292551,13-05-2021
Chennai,1655320,13-05-2021
Coimbatore,462886,13-05-2021
Cuddalore,163008,13-05-2021
Dharmapuri,99185,13-05-2021
Dindigul,157582,13-05-2021
Erode,158010,13-05-2021
Kallakurichi,65279,13-05-2021
Kancheepuram,78985,13-05-2021
Kanniyakumari,135781,13-05-2021
Karur,68439,13-05-2021
Krishnagiri,159470,13-05-2021
Madurai,259770,13-05-2021
Nagapattinam,67369,13-05-2021
Namakkal,170924,13-05-2021
The Nilgiris,160688,13-05-2021
Perambalur,38335,13-05-2021
Pudukkottai,94884,13-05-2021
Ramanathapuram,81055,13-05-2021
Ranipet,53479,13-05-2021
Salem,387699,13-05-2021
Sivagangai,78874,13-05-2021
Tenkasi,71491,13-05-2021
Thanjavur,159343,13-05-2021
Theni,66793,13-05-2021
Thoothukudi,91625,13-05-2021
Tiruchirapalli,242646,13-05-2021
Tirunelveli,86145,13-05-2021
Tirupathur,75572,13-05-2021
Tiruppur,156910,13-05-2021
Tiruvallur,206939,13-05-2021
Tiruvannamalai,93710,13-05-2021
Tiruvarur,52496,13-05-2021
Vellore,183901,13-05-2021
Villupuram,120380,13-05-2021
Virudhunagar,216113,13-05-2021
Ariyalur,28884,14-04-2021
Chengalpattu,172739,14-04-2021
Chennai,1023492,14-04-2021
Coimbatore,285165,14-04-2021
Cuddalore,99042,14-04-2021
Dharmapuri,62060,14-04-2021
Dindigul,93450,14-04-2021
Erode,93940,14-04-2021
Kallakurichi,41839,14-04-2021
Kancheepuram,47974,14-04-2021
Kanniyakumari,82026,14-04-2021
Karur,44237,14-04-2021
Krishnagiri,101014,14-04-2021
Madurai,166097,14-04-2021
Nagapattinam,41237,14-04-2021
Namakkal,105176,14-04-2021
The Nilgiris,96931,14-04-2021
Perambalur,25196,14-04-2021
Pudukkottai,56580,14-04-2021
Ramanathapuram,47811,14-04-2021
Ranipet,30758,14-04-2021
Salem,254257,14-04-2021
Sivagangai,47153,14-04-2021
Tenkasi,43609,14-04-2021
Thanjavur,103909,14-04-2021
Theni,40841,14-04-2021
Thoothukudi,52103,14-04-2021
Tiruchirapalli,148446,14-04-2021
Tirunelveli,52388,14-04-2021
Tirupathur,46023,14-04-2021
Tiruppur,96894,14-04-2021
Tiruvallur,120131,14-04-2021
Tiruvannamalai,58189,14-04-2021
Tiruvarur,26184,14-04-2021
Vellore,115315,14-04-2021
Villupuram,84642,14-04-2021
Virudhunagar,137231,14-04-2021
Ariyalur,50803,14-05-2021
Chengalpattu,294143,14-05-2021
Chennai,1666856,14-05-2021
Coimbatore,467371,14-05-2021
Cuddalore,164306,14-05-2021
Dharmapuri,99672,14-05-2021
Dindigul,158795,14-05-2021
Erode,158902,14-05-2021
Kallakurichi,66243,14-05-2021
Kancheepuram,80170,14-05-2021
Kanniyakumari,135938,14-05-2021
Karur,69295,14-05-2021
Krishnagiri,160964,14-05-2021
Madurai,262099,14-05-2021
Nagapattinam,68069,14-05-2021
Namakkal,172186,14-05-2021
The Nilgiris,161393,14-05-2021
Perambalur,38466,14-05-2021
Pudukkottai,96102,14-05-2021
Ramanathapuram,81534,14-05-2021
Ranipet,54076,14-05-2021
Salem,390709,14-05-2021
Sivagangai,79617,14-05-2021
Tenkasi,72152,14-05-2021
Thanjavur,160682,14-05-2021
Theni,67360,14-05-2021
Thoothukudi,92589,14-05-2021
Tiruchirapalli,244658,14-05-2021
Tirunelveli,87049,14-05-2021
Tirupathur,76085,14-05-2021
Tiruppur,157352,14-05-2021
Tiruvallur,208385,14-05-2021
Tiruvannamalai,94155,14-05-2021
Tiruvarur,53983,14-05-2021
Vellore,184519,14-05-2021
Villupuram,121493,14-05-2021
Virudhunagar,218218,14-05-2021
Ariyalur,31491,15-04-2021
Chengalpattu,181273,15-04-2021
Chennai,1064148,15-04-2021
Coimbatore,307034,15-04-2021
Cuddalore,104447,15-04-2021
Dharmapuri,66160,15-04-2021
Dindigul,99468,15-04-2021
Erode,97298,15-04-2021
Kallakurichi,44258,15-04-2021
Kancheepuram,50028,15-04-2021
Kanniyakumari,86022,15-04-2021
Karur,45007,15-04-2021
Krishnagiri,105011,15-04-2021
Madurai,173769,15-04-2021
Nagapattinam,43524,15-04-2021
Namakkal,109562,15-04-2021
The Nilgiris,99041,15-04-2021
Perambalur,26281,15-04-2021
Pudukkottai,59498,15-04-2021
Ramanathapuram,51821,15-04-2021
Ranipet,33055,15-04-2021
Salem,264231,15-04-2021
Sivagangai,50085,15-04-2021
Tenkasi,46990,15-04-2021
Thanjavur,109040,15-04-2021
Theni,44403,15-04-2021
Thoothukudi,56153,15-04-2021
Tiruchirapalli,158473,15-04-2021
Tirunelveli,55704,15-04-2021
Tirupathur,51163,15-04-2021
Tiruppur,102877,15-04-2021
Tiruvallur,129054,15-04-2021
Tiruvannamalai,61734,15-04-2021
Tiruvarur,28742,15-04-2021
Vellore,123357,15-04-2021
Villupuram,87182,15-04-2021
Virudhunagar,143245,15-04-2021
Ariyalur,51674,15-05-2021
Chengalpattu,295368,15-05-2021
Chennai,1686632,15-05-2021
Coimbatore,471032,15-05-2021
Cuddalore,166279,15-05-2021
Dharmapuri,101582,15-05-2021
Dindigul,159707,15-05-2021
Erode,159894,15-05-2021
Kallakurichi,67254,15-05-2021
Kancheepuram,81605,15-05-2021
Kanniyakumari,135998,15-05-2021
Karur,69903,15-05-2021
Krishnagiri,162446,15-05-2021
Madurai,264046,15-05-2021
Nagapattinam,68927,15-05-2021
Namakkal,172908,15-05-2021
The Nilgiris,162550,15-05-2021
Perambalur,38764,15-05-2021
Pudukkottai,97086,15-05-2021
Ramanathapuram,82303,15-05-2021
Ranipet,54564,15-05-2021
Salem,392841,15-05-2021
Sivagangai,80667,15-05-2021
Tenkasi,73026,15-05-2021
Thanjavur,161733,15-05-2021
Theni,67788,15-05-2021
Thoothukudi,93632,15-05-2021
Tiruchirapalli,246788,15-05-2021
Tirunelveli,87986,15-05-2021
Tirupathur,76641,15-05-2021
Tiruppur,157722,15-05-2021
Tiruvallur,210537,15-05-2021
Tiruvannamalai,95097,15-05-2021
Tiruvarur,54319,15-05-2021
Vellore,185778,15-05-2021
Villupuram,123483,15-05-2021
Virudhunagar,220182,15-05-2021
Ariyalur,34001,16-04-2021
Chengalpattu,190215,16-04-2021
Chennai,1113158,16-04-2021
Coimbatore,316406,16-04-2021
Cuddalore,109732,16-04-2021
Dharmapuri,68962,16-04-2021
Dindigul,102398,16-04-2021
Erode,99088,16-04-2021
Kallakurichi,46601,16-04-2021
Kancheepuram,53228,16-04-2021
Kanniyakumari,88554,16-04-2021
Karur,46094,16-04-2021
Krishnagiri,107629,16-04-2021
Madurai,180855,16-04-2021
Nagapattinam,45799,16-04-2021
Namakkal,113981,16-04-2021
The Nilgiris,100368,16-04-2021
Perambalur,27662,16-04-2021
Pudukkottai,62621,16-04-2021
Ramanathapuram,54567,16-04-2021
Ranipet,35319,16-04-2021
Salem,274240,16-04-2021
Sivagangai,53763,16-04-2021
Tenkasi,49262,16-04-2021
Thanjavur,114240,16-04-2021
Theni,47287,16-04-2021
Thoothukudi,59766,16-04-2021
Tiruchirapalli,171353,16-04-2021
Tirunelveli,58173,16-04-2021
Tirupathur,56377,16-04-2021
Tiruppur,106172,16-04-2021
Tiruvallur,138386,16-04-2021
Tiruvannamalai,66221,16-04-2021
Tiruvarur,30683,16-04-2021
Vellore,131289,16-04-2021
Villupuram,87715,16-04-2021
Virudhunagar,149959,16-04-2021
Ariyalur,52059,16-05-2021
Chengalpattu,295936,16-05-2021
Chennai,1697944,16-05-2021
Coimbatore,471316,16-05-2021
Cuddalore,166735,16-05-2021
Dharmapuri,101697,16-05-2021
Dindigul,159834,16-05-2021
Erode,159923,16-05-2021
Kallakurichi,67460,16-05-2021
Kancheepuram,82074,16-05-2021
Kanniyakumari,136555,16-05-2021
Karur,69913,16-05-2021
Krishnagiri,163446,16-05-2021
Madurai,264526,16-05-2021
Nagapattinam,68991,16-05-2021
Namakkal,173223,16-05-2021
The Nilgiris,162969,16-05-2021
Perambalur,38816,16-05-2021
Pudukkottai,97305,16-05-2021
Ramanathapuram,82456,16-05-2021
Ranipet,54657,16-05-2021
Salem,393084,16-05-2021
Sivagangai,80805,16-05-2021
Tenkasi,73551,16-05-2021
Thanjavur,162095,16-05-2021
Theni,67812,16-05-2021
Thoothukudi,94287,16-05-2021
Tiruchirapalli,246908,16-05-2021
Tirunelveli,88042,16-05-2021
Tirupathur,76738,16-05-2021
Tiruppur,157799,16-05-2021
Tiruvallur,211797,16-05-2021
Tiruvannamalai,95194,16-05-2021
Tiruvarur,54392,16-05-2021
Vellore,186223,16-05-2021
Villupuram,123739,16-05-2021
Virudhunagar,220242,16-05-2021
Ariyalur,34635,17-04-2021
Chengalpattu,194051,17-04-2021
Chennai,1151618,17-04-2021
Coimbatore,322174,17-04-2021
Cuddalore,112714,17-04-2021
Dharmapuri,70858,17-04-2021
Dindigul,104066,17-04-2021
Erode,101619,17-04-2021
Kallakurichi,47436,17-04-2021
Kancheepuram,54809,17-04-2021
Kanniyakumari,90132,17-04-2021
Karur,46230,17-04-2021
Krishnagiri,109934,17-04-2021
Madurai,182828,17-04-2021
Nagapattinam,47031,17-04-2021
Namakkal,115083,17-04-2021
The Nilgiris,103930,17-04-2021
Perambalur,28345,17-04-2021
Pudukkottai,64659,17-04-2021
Ramanathapuram,55272,17-04-2021
Ranipet,36144,17-04-2021
Salem,279480,17-04-2021
Sivagangai,54826,17-04-2021
Tenkasi,49414,17-04-2021
Thanjavur,116254,17-04-2021
Theni,48539,17-04-2021
Thoothukudi,61349,17-04-2021
Tiruchirapalli,175691,17-04-2021
Tirunelveli,58370,17-04-2021
Tirupathur,56658,17-04-2021
Tiruppur,107228,17-04-2021
Tiruvallur,143129,17-04-2021
Tiruvannamalai,68513,17-04-2021
Tiruvarur,34202,17-04-2021
Vellore,135770,17-04-2021
Villupuram,88037,17-04-2021
Virudhunagar,154445,17-04-2021
Ariyalur,53003,17-05-2021
Chengalpattu,297447,17-05-2021
Chennai,1717154,17-05-2021
Coimbatore,471970,17-05-2021
Cuddalore,168320,17-05-2021
Dharmapuri,103187,17-05-2021
Dindigul,160743,17-05-2021
Erode,160991,17-05-2021
Kallakurichi,68191,17-05-2021
Kancheepuram,83003,17-05-2021
Kanniyakumari,138225,17-05-2021
Karur,70649,17-05-2021
Krishnagiri,164639,17-05-2021
Madurai,266212,17-05-2021
Nagapattinam,70197,17-05-2021
Namakkal,174315,17-05-2021
The Nilgiris,163923,17-05-2021
Perambalur,39111,17-05-2021
Pudukkottai,98486,17-05-2021
Ramanathapuram,83087,17-05-2021
Ranipet,55163,17-05-2021
Salem,396538,17-05-2021
Sivagangai,81826,17-05-2021
Tenkasi,74554,17-05-2021
Thanjavur,164114,17-05-2021
Theni,68306,17-05-2021
Thoothukudi,95757,17-05-2021
Tiruchirapalli,248153,17-05-2021
Tirunelveli,88943,17-05-2021
Tirupathur,77327,17-05-2021
Tiruppur,159631,17-05-2021
Tiruvallur,213713,17-05-2021
Tiruvannamalai,96515,17-05-2021
Tiruvarur,55011,17-05-2021
Vellore,187851,17-05-2021
Villupuram,125608,17-05-2021
Virudhunagar,221781,17-05-2021
Ariyalur,34766,18-04-2021
Chengalpattu,195005,18-04-2021
Chennai,1165968,18-04-2021
Coimbatore,322829,18-04-2021
Cuddalore,113161,18-04-2021
Dharmapuri,71238,18-04-2021
Dindigul,104817,18-04-2021
Erode,101892,18-04-2021
Kallakurichi,47495,18-04-2021
Kancheepuram,55052,18-04-2021
Kanniyakumari,90504,18-04-2021
Karur,46240,18-04-2021
Krishnagiri,110031,18-04-2021
Madurai,183585,18-04-2021
Nagapattinam,47206,18-04-2021
Namakkal,115094,18-04-2021
The Nilgiris,104194,18-04-2021
Perambalur,28464,18-04-2021
Pudukkottai,65169,18-04-2021
Ramanathapuram,55597,18-04-2021
Ranipet,36211,18-04-2021
Salem,279933,18-04-2021
Sivagangai,54945,18-04-2021
Tenkasi,49459,18-04-2021
Thanjavur,116537,18-04-2021
Theni,48828,18-04-2021
Thoothukudi,61548,18-04-2021
Tiruchirapalli,175825,18-04-2021
Tirunelveli,58388,18-04-2021
Tirupathur,56658,18-04-2021
Tiruppur,107369,18-04-2021
Tiruvallur,143900,18-04-2021
Tiruvannamalai,68664,18-04-2021
Tiruvarur,34512,18-04-2021
Vellore,136163,18-04-2021
Villupuram,88831,18-04-2021
Virudhunagar,155065,18-04-2021
Ariyalur,53778,18-05-2021
Chengalpattu,298484,18-05-2021
Chennai,1735248,18-05-2021
Coimbatore,472472,18-05-2021
Cuddalore,169083,18-05-2021
Dharmapuri,104097,18-05-2021
Dindigul,162541,18-05-2021
Erode,162144,18-05-2021
Kallakurichi,68628,18-05-2021
Kancheepuram,83575,18-05-2021
Kanniyakumari,138629,18-05-2021
Karur,71247,18-05-2021
Krishnagiri,166064,18-05-2021
Madurai,267632,18-05-2021
Nagapattinam,71065,18-05-2021
Namakkal,174945,18-05-2021
The Nilgiris,164916,18-05-2021
Perambalur,39268,18-05-2021
Pudukkottai,99451,18-05-2021
Ramanathapuram,83706,18-05-2021
Ranipet,55690,18-05-2021
Salem,398750,18-05-2021
Sivagangai,82605,18-05-2021
Tenkasi,75192,18-05-2021
Thanjavur,164994,18-05-2021
Theni,68810,18-05-2021
Thoothukudi,96954,18-05-2021
Tiruchirapalli,249519,18-05-2021
Tirunelveli,89626,18-05-2021
Tirupathur,77883,18-05-2021
Tiruppur,160148,18-05-2021
Tiruvallur,215270,18-05-2021
Tiruvannamalai,97404,18-05-2021
Tiruvarur,55438,18-05-2021
Vellore,188819,18-05-2021
Villupuram,126660,18-05-2021
Virudhunagar,223000,18-05-2021
Ariyalur,35068,19-04-2021
Chengalpattu,197145,19-04-2021
Chennai,1194580,19-04-2021
Coimbatore,325289,19-04-2021
Cuddalore,114784,19-04-2021
Dharmapuri,72103,19-04-2021
Dindigul,107482,19-04-2021
Erode,103840,19-04-2021
Kallakurichi,48110,19-04-2021
Kancheepuram,56061,19-04-2021
Kanniyakumari,92023,19-04-2021
Karur,46499,19-04-2021
Krishnagiri,111746,19-04-2021
Madurai,184540,19-04-2021
Nagapattinam,48256,19-04-2021
Namakkal,115709,19-04-2021
The Nilgiris,105259,19-04-2021
Perambalur,29085,19-04-2021
Pudukkottai,66712,19-04-2021
Ramanathapuram,56799,19-04-2021
Ranipet,37188,19-04-2021
Salem,283583,19-04-2021
Sivagangai,55727,19-04-2021
Tenkasi,50436,19-04-2021
Thanjavur,117848,19-04-2021
Theni,49365,19-04-2021
Thoothukudi,62711,19-04-2021
Tiruchirapalli,178549,19-04-2021
Tirunelveli,58890,19-04-2021
Tirupathur,56762,19-04-2021
Tiruppur,108143,19-04-2021
Tiruvallur,146661,19-04-2021
Tiruvannamalai,69579,19-04-2021
Tiruvarur,35435,19-04-2021
Vellore,139689,19-04-2021
Villupuram,89151,19-04-2021
Virudhunagar,156341,19-04-2021
Ariyalur,54593,19-05-2021
Chengalpattu,299651,19-05-2021
Chennai,1756006,19-05-2021
Coimbatore,473019,19-05-2021
Cuddalore,169414,19-05-2021
Dharmapuri,104652,19-05-2021
Dindigul,163953,19-05-2021
Erode,162669,19-05-2021
Kallakurichi,68841,19-05-2021
Kancheepuram,84280,19-05-2021
Kanniyakumari,138917,19-05-2021
Karur,71647,19-05-2021
Krishnagiri,166807,19-05-2021
Madurai,268987,19-05-2021
Nagapattinam,71463,19-05-2021
Namakkal,175136,19-05-2021
The Nilgiris,164970,19-05-2021
Perambalur,39763,19-05-2021
Pudukkottai,100363,19-05-2021
Ramanathapuram,84577,19-05-2021
Ranipet,56145,19-05-2021
Salem,400684,19-05-2021
Sivagangai,83204,19-05-2021
Tenkasi,75678,19-05-2021
Thanjavur,165179,19-05-2021
Theni,69422,19-05-2021
Thoothukudi,98189,19-05-2021
Tiruchirapalli,250833,19-05-2021
Tirunelveli,90303,19-05-2021
Tirupathur,78525,19-05-2021
Tiruppur,160181,19-05-2021
Tiruvallur,216859,19-05-2021
Tiruvannamalai,98141,19-05-2021
Tiruvarur,56040,19-05-2021
Vellore,189349,19-05-2021
Villupuram,127410,19-05-2021
Virudhunagar,223640,19-05-2021
Ariyalur,35364,20-04-2021
Chengalpattu,198752,20-04-2021
Chennai,1221552,20-04-2021
Coimbatore,327571,20-04-2021
Cuddalore,115931,20-04-2021
Dharmapuri,72482,20-04-2021
Dindigul,109136,20-04-2021
Erode,105984,20-04-2021
Kallakurichi,48397,20-04-2021
Kancheepuram,56776,20-04-2021
Kanniyakumari,92435,20-04-2021
Karur,46805,20-04-2021
Krishnagiri,113067,20-04-2021
Madurai,185286,20-04-2021
Nagapattinam,48840,20-04-2021
Namakkal,116292,20-04-2021
The Nilgiris,105933,20-04-2021
Perambalur,29589,20-04-2021
Pudukkottai,67616,20-04-2021
Ramanathapuram,57745,20-04-2021
Ranipet,38247,20-04-2021
Salem,286215,20-04-2021
Sivagangai,56410,20-04-2021
Tenkasi,51179,20-04-2021
Thanjavur,118865,20-04-2021
Theni,49773,20-04-2021
Thoothukudi,63402,20-04-2021
Tiruchirapalli,180407,20-04-2021
Tirunelveli,59768,20-04-2021
Tirupathur,56880,20-04-2021
Tiruppur,108452,20-04-2021
Tiruvallur,148028,20-04-2021
Tiruvannamalai,70927,20-04-2021
Tiruvarur,35871,20-04-2021
Vellore,141665,20-04-2021
Villupuram,89313,20-04-2021
Virudhunagar,157150,20-04-2021
Ariyalur,55090,20-05-2021
Chengalpattu,300504,20-05-2021
Chennai,1778916,20-05-2021
Coimbatore,473529,20-05-2021
Cuddalore,169841,20-05-2021
Dharmapuri,105311,20-05-2021
Dindigul,164870,20-05-2021
Erode,162737,20-05-2021
Kallakurichi,69012,20-05-2021
Kancheepuram,84616,20-05-2021
Kanniyakumari,140431,20-05-2021
Karur,71974,20-05-2021
Krishnagiri,167688,20-05-2021
Madurai,270443,20-05-2021
Nagapattinam,71554,20-05-2021
Namakkal,175239,20-05-2021
The Nilgiris,165042,20-05-2021
Perambalur,40119,20-05-2021
Pudukkottai,101462,20-05-2021
Ramanathapuram,85433,20-05-2021
Ranipet,56630,20-05-2021
Salem,402567,20-05-2021
Sivagangai,83826,20-05-2021
Tenkasi,75979,20-05-2021
Thanjavur,165682,20-05-2021
Theni,69844,20-05-2021
Thoothukudi,99429,20-05-2021
Tiruchirapalli,251709,20-05-2021
Tirunelveli,90976,20-05-2021
Tirupathur,79132,20-05-2021
Tiruppur,160205,20-05-2021
Tiruvallur,218465,20-05-2021
Tiruvannamalai,98731,20-05-2021
Tiruvarur,56578,20-05-2021
Vellore,189741,20-05-2021
Villupuram,128058,20-05-2021
Virudhunagar,224428,20-05-2021
Ariyalur,35464,21-04-2021
Chengalpattu,200250,21-04-2021
Chennai,1242476,21-04-2021
Coimbatore,329324,21-04-2021
Cuddalore,117347,21-04-2021
Dharmapuri,74090,21-04-2021
Dindigul,110113,21-04-2021
Erode,107702,21-04-2021
Kallakurichi,48630,21-04-2021
Kancheepuram,57329,21-04-2021
Kanniyakumari,92810,21-04-2021
Karur,47234,21-04-2021
Krishnagiri,114201,21-04-2021
Madurai,185988,21-04-2021
Nagapattinam,49574,21-04-2021
Namakkal,117950,21-04-2021
The Nilgiris,106101,21-04-2021
Perambalur,29886,21-04-2021
Pudukkottai,68459,21-04-2021
Ramanathapuram,58517,21-04-2021
Ranipet,39341,21-04-2021
Salem,290821,21-04-2021
Sivagangai,57142,21-04-2021
Tenkasi,51714,21-04-2021
Thanjavur,119502,21-04-2021
Theni,50096,21-04-2021
Thoothukudi,63966,21-04-2021
Tiruchirapalli,181906,21-04-2021
Tirunelveli,60557,21-04-2021
Tirupathur,57040,21-04-2021
Tiruppur,108482,21-04-2021
Tiruvallur,149267,21-04-2021
Tiruvannamalai,71756,21-04-2021
Tiruvarur,36610,21-04-2021
Vellore,144979,21-04-2021
Villupuram,89439,21-04-2021
Virudhunagar,157872,21-04-2021
Ariyalur,55592,21-05-2021
Chengalpattu,301055,21-05-2021
Chennai,1801335,21-05-2021
Coimbatore,473697,21-05-2021
Cuddalore,170620,21-05-2021
Dharmapuri,105772,21-05-2021
Dindigul,165424,21-05-2021
Erode,163680,21-05-2021
Kallakurichi,69093,21-05-2021
Kancheepuram,85279,21-05-2021
Kanniyakumari,140510,21-05-2021
Karur,72884,21-05-2021
Krishnagiri,168352,21-05-2021
Madurai,271817,21-05-2021
Nagapattinam,71608,21-05-2021
Namakkal,176251,21-05-2021
The Nilgiris,165042,21-05-2021
Perambalur,40471,21-05-2021
Pudukkottai,102550,21-05-2021
Ramanathapuram,86262,21-05-2021
Ranipet,56989,21-05-2021
Salem,404940,21-05-2021
Sivagangai,84250,21-05-2021
Tenkasi,76029,21-05-2021
Thanjavur,166921,21-05-2021
Theni,70244,21-05-2021
Thoothukudi,100710,21-05-2021
Tiruchirapalli,252766,21-05-2021
Tirunelveli,91656,21-05-2021
Tirupathur,79917,21-05-2021
Tiruppur,160782,21-05-2021
Tiruvallur,219834,21-05-2021
Tiruvannamalai,99488,21-05-2021
Tiruvarur,56865,21-05-2021
Vellore,190211,21-05-2021
Villupuram,128635,21-05-2021
Virudhunagar,225004,21-05-2021
Ariyalur,35919,22-04-2021
Chengalpattu,203899,22-04-2021
Chennai,1267891,22-04-2021
Coimbatore,332202,22-04-2021
Cuddalore,119604,22-04-2021
Dharmapuri,75516,22-04-2021
Dindigul,114063,22-04-2021
Erode,109882,22-04-2021
Kallakurichi,49059,22-04-2021
Kancheepuram,58106,22-04-2021
Kanniyakumari,94743,22-04-2021
Karur,48146,22-04-2021
Krishnagiri,116488,22-04-2021
Madurai,189203,22-04-2021
Nagapattinam,50102,22-04-2021
Namakkal,121496,22-04-2021
The Nilgiris,110440,22-04-2021
Perambalur,30230,22-04-2021
Pudukkottai,70328,22-04-2021
Ramanathapuram,59424,22-04-2021
Ranipet,40183,22-04-2021
Salem,297254,22-04-2021
Sivagangai,57990,22-04-2021
Tenkasi,52071,22-04-2021
Thanjavur,121509,22-04-2021
Theni,50777,22-04-2021
Thoothukudi,64943,22-04-2021
Tiruchirapalli,184773,22-04-2021
Tirunelveli,61399,22-04-2021
Tirupathur,57953,22-04-2021
Tiruppur,111381,22-04-2021
Tiruvallur,153032,22-04-2021
Tiruvannamalai,72881,22-04-2021
Tiruvarur,37118,22-04-2021
Vellore,149983,22-04-2021
Villupuram,91508,22-04-2021
Virudhunagar,161658,22-04-2021
Ariyalur,56176,22-05-2021
Chengalpattu,302646,22-05-2021
Chennai,1823477,22-05-2021
Coimbatore,477330,22-05-2021
Cuddalore,171502,22-05-2021
Dharmapuri,106464,22-05-2021
Dindigul,167172,22-05-2021
Erode,165167,22-05-2021
Kallakurichi,70092,22-05-2021
Kancheepuram,86018,22-05-2021
Kanniyakumari,143041,22-05-2021
Karur,73562,22-05-2021
Krishnagiri,169050,22-05-2021
Madurai,273476,22-05-2021
Nagapattinam,72451,22-05-2021
Namakkal,177346,22-05-2021
The Nilgiris,165943,22-05-2021
Perambalur,40731,22-05-2021
Pudukkottai,103619,22-05-2021
Ramanathapuram,87175,22-05-2021
Ranipet,57427,22-05-2021
Salem,406340,22-05-2021
Sivagangai,85230,22-05-2021
Tenkasi,76332,22-05-2021
Thanjavur,168495,22-05-2021
Theni,70572,22-05-2021
Thoothukudi,102050,22-05-2021
Tiruchirapalli,254014,22-05-2021
Tirunelveli,92135,22-05-2021
Tirupathur,80475,22-05-2021
Tiruppur,163174,22-05-2021
Tiruvallur,221008,22-05-2021
Tiruvannamalai,100129,22-05-2021
Tiruvarur,57353,22-05-2021
Vellore,190523,22-05-2021
Villupuram,129242,22-05-2021
Virudhunagar,225422,22-05-2021
Ariyalur,36713,23-04-2021
Chengalpattu,208708,23-04-2021
Chennai,1293377,23-04-2021
Coimbatore,338918,23-04-2021
Cuddalore,122168,23-04-2021
Dharmapuri,77050,23-04-2021
Dindigul,116949,23-04-2021
Erode,114058,23-04-2021
Kallakurichi,49781,23-04-2021
Kancheepuram,59150,23-04-2021
Kanniyakumari,97946,23-04-2021
Karur,49181,23-04-2021
Krishnagiri,118412,23-04-2021
Madurai,195723,23-04-2021
Nagapattinam,50602,23-04-2021
Namakkal,124769,23-04-2021
The Nilgiris,113997,23-04-2021
Perambalur,30608,23-04-2021
Pudukkottai,71828,23-04-2021
Ramanathapuram,61000,23-04-2021
Ranipet,41057,23-04-2021
Salem,302561,23-04-2021
Sivagangai,58703,23-04-2021
Tenkasi,53245,23-04-2021
Thanjavur,123662,23-04-2021
Theni,51936,23-04-2021
Thoothukudi,66182,23-04-2021
Tiruchirapalli,188198,23-04-2021
Tirunelveli,62464,23-04-2021
Tirupathur,59658,23-04-2021
Tiruppur,115037,23-04-2021
Tiruvallur,156143,23-04-2021
Tiruvannamalai,74106,23-04-2021
Tiruvarur,38490,23-04-2021
Vellore,151769,23-04-2021
Villupuram,93405,23-04-2021
Virudhunagar,165029,23-04-2021
Ariyalur,56276,23-05-2021
Chengalpattu,303145,23-05-2021
Chennai,1834713,23-05-2021
Coimbatore,486451,23-05-2021
Cuddalore,171659,23-05-2021
Dharmapuri,106563,23-05-2021
Dindigul,167312,23-05-2021
Erode,165279,23-05-2021
Kallakurichi,70387,23-05-2021
Kancheepuram,86063,23-05-2021
Kanniyakumari,143251,23-05-2021
Karur,73683,23-05-2021
Krishnagiri,169060,23-05-2021
Madurai,274058,23-05-2021
Nagapattinam,72491,23-05-2021
Namakkal,177449,23-05-2021
The Nilgiris,166863,23-05-2021
Perambalur,40785,23-05-2021
Pudukkottai,103831,23-05-2021
Ramanathapuram,87280,23-05-2021
Ranipet,57630,23-05-2021
Salem,406611,23-05-2021
Sivagangai,85300,23-05-2021
Tenkasi,76906,23-05-2021
Thanjavur,168701,23-05-2021
Theni,70616,23-05-2021
Thoothukudi,102743,23-05-2021
Tiruchirapalli,254138,23-05-2021
Tirunelveli,92175,23-05-2021
Tirupathur,80600,23-05-2021
Tiruppur,163361,23-05-2021
Tiruvallur,221313,23-05-2021
Tiruvannamalai,100203,23-05-2021
Tiruvarur,57412,23-05-2021
Vellore,190606,23-05-2021
Villupuram,129448,23-05-2021
Virudhunagar,226146,23-05-2021
Ariyalur,18009,24-03-2021
Chengalpattu,95728,24-03-2021
Chennai,566700,24-03-2021
Coimbatore,143417,24-03-2021
Cuddalore,57845,24-03-2021
Dharmapuri,43169,24-03-2021
Dindigul,54004,24-03-2021
Erode,54086,24-03-2021
Kallakurichi,25966,24-03-2021
Kancheepuram,29875,24-03-2021
Kanniyakumari,47974,24-03-2021
Karur,27203,24-03-2021
Krishnagiri,71237,24-03-2021
Madurai,98430,24-03-2021
Nagapattinam,26106,24-03-2021
Namakkal,64317,24-03-2021
The Nilgiris,57687,24-03-2021
Perambalur,17909,24-03-2021
Pudukkottai,33700,24-03-2021
Ramanathapuram,25652,24-03-2021
Ranipet,18908,24-03-2021
Salem,157098,24-03-2021
Sivagangai,30446,24-03-2021
Tenkasi,30275,24-03-2021
Thanjavur,63573,24-03-2021
Theni,21935,24-03-2021
Thoothukudi,30692,24-03-2021
Tiruchirapalli,89600,24-03-2021
Tirunelveli,31335,24-03-2021
Tirupathur,24333,24-03-2021
Tiruppur,51562,24-03-2021
Tiruvallur,71021,24-03-2021
Tiruvannamalai,37296,24-03-2021
Tiruvarur,17994,24-03-2021
Vellore,60017,24-03-2021
Villupuram,64125,24-03-2021
Virudhunagar,81224,24-03-2021
Ariyalur,37378,24-04-2021
Chengalpattu,215570,24-04-2021
Chennai,1320751,24-04-2021
Coimbatore,352934,24-04-2021
Cuddalore,125375,24-04-2021
Dharmapuri,78326,24-04-2021
Dindigul,120178,24-04-2021
Erode,117810,24-04-2021
Kallakurichi,50427,24-04-2021
Kancheepuram,60158,24-04-2021
Kanniyakumari,101543,24-04-2021
Karur,50214,24-04-2021
Krishnagiri,120665,24-04-2021
Madurai,201590,24-04-2021
Nagapattinam,51234,24-04-2021
Namakkal,127220,24-04-2021
The Nilgiris,117816,24-04-2021
Perambalur,30964,24-04-2021
Pudukkottai,73072,24-04-2021
Ramanathapuram,62283,24-04-2021
Ranipet,41644,24-04-2021
Salem,308238,24-04-2021
Sivagangai,59296,24-04-2021
Tenkasi,54203,24-04-2021
Thanjavur,125582,24-04-2021
Theni,52747,24-04-2021
Thoothukudi,67419,24-04-2021
Tiruchirapalli,191369,24-04-2021
Tirunelveli,63881,24-04-2021
Tirupathur,60977,24-04-2021
Tiruppur,118909,24-04-2021
Tiruvallur,159455,24-04-2021
Tiruvannamalai,75043,24-04-2021
Tiruvarur,39775,24-04-2021
Vellore,153184,24-04-2021
Villupuram,94601,24-04-2021
Virudhunagar,169989,24-04-2021
Ariyalur,56872,24-05-2021
Chengalpattu,305052,24-05-2021
Chennai,1858026,24-05-2021
Coimbatore,506187,24-05-2021
Cuddalore,172608,24-05-2021
Dharmapuri,108101,24-05-2021
Dindigul,168558,24-05-2021
Erode,169249,24-05-2021
Kallakurichi,70959,24-05-2021
Kancheepuram,87010,24-05-2021
Kanniyakumari,143684,24-05-2021
Karur,75963,24-05-2021
Krishnagiri,170667,24-05-2021
Madurai,276127,24-05-2021
Nagapattinam,72579,24-05-2021
Namakkal,179007,24-05-2021
The Nilgiris,169659,24-05-2021
Perambalur,41764,24-05-2021
Pudukkottai,105987,24-05-2021
Ramanathapuram,88990,24-05-2021
Ranipet,58201,24-05-2021
Salem,411723,24-05-2021
Sivagangai,86216,24-05-2021
Tenkasi,77546,24-05-2021
Thanjavur,170163,24-05-2021
Theni,70919,24-05-2021
Thoothukudi,104552,24-05-2021
Tiruchirapalli,255065,24-05-2021
Tirunelveli,92666,24-05-2021
Tirupathur,81208,24-05-2021
Tiruppur,164732,24-05-2021
Tiruvallur,223029,24-05-2021
Tiruvannamalai,103146,24-05-2021
Tiruvarur,57957,24-05-2021
Vellore,190995,24-05-2021
Villupuram,130122,24-05-2021
Virudhunagar,227833,24-05-2021
Ariyalur,37638,25-04-2021
Chengalpattu,216808,25-04-2021
Chennai,1324506,25-04-2021
Coimbatore,353296,25-04-2021
Cuddalore,125775,25-04-2021
Dharmapuri,78416,25-04-2021
Dindigul,120368,25-04-2021
Erode,118139,25-04-2021
Kallakurichi,50507,25-04-2021
Kancheepuram,60270,25-04-2021
Kanniyakumari,101646,25-04-2021
Karur,50214,25-04-2021
Krishnagiri,120696,25-04-2021
Madurai,202187,25-04-2021
Nagapattinam,51264,25-04-2021
Namakkal,127292,25-04-2021
The Nilgiris,118077,25-04-2021
Perambalur,31021,25-04-2021
Pudukkottai,73308,25-04-2021
Ramanathapuram,62421,25-04-2021
Ranipet,41801,25-04-2021
Salem,308402,25-04-2021
Sivagangai,59337,25-04-2021
Tenkasi,54262,25-04-2021
Thanjavur,126341,25-04-2021
Theni,52774,25-04-2021
Thoothukudi,67515,25-04-2021
Tiruchirapalli,191501,25-04-2021
Tirunelveli,63893,25-04-2021
Tirupathur,61019,25-04-2021
Tiruppur,118919,25-04-2021
Tiruvallur,159688,25-04-2021
Tiruvannamalai,75093,25-04-2021
Tiruvarur,39815,25-04-2021
Vellore,153306,25-04-2021
Villupuram,94631,25-04-2021
Virudhunagar,170227,25-04-2021
Ariyalur,59261,25-05-2021
Chengalpattu,308782,25-05-2021
Chennai,1882835,25-05-2021
Coimbatore,525080,25-05-2021
Cuddalore,174135,25-05-2021
Dharmapuri,112882,25-05-2021
Dindigul,174355,25-05-2021
Erode,180292,25-05-2021
Kallakurichi,74493,25-05-2021
Kancheepuram,94409,25-05-2021
Kanniyakumari,153720,25-05-2021
Karur,82611,25-05-2021
Krishnagiri,174937,25-05-2021
Madurai,279605,25-05-2021
Nagapattinam,75832,25-05-2021
Namakkal,185690,25-05-2021
The Nilgiris,176046,25-05-2021
Perambalur,43989,25-05-2021
Pudukkottai,110391,25-05-2021
Ramanathapuram,93340,25-05-2021
Ranipet,59507,25-05-2021
Salem,428483,25-05-2021
Sivagangai,89781,25-05-2021
Tenkasi,80084,25-05-2021
Thanjavur,175452,25-05-2021
Theni,72454,25-05-2021
Thoothukudi,110103,25-05-2021
Tiruchirapalli,262744,25-05-2021
Tirunelveli,96652,25-05-2021
Tirupathur,83696,25-05-2021
Tiruppur,173525,25-05-2021
Tiruvallur,229634,25-05-2021
Tiruvannamalai,108461,25-05-2021
Tiruvarur,62203,25-05-2021
Vellore,192347,25-05-2021
Villupuram,132868,25-05-2021
Virudhunagar,236987,25-05-2021
Ariyalur,19310,26-03-2021
Chengalpattu,103298,26-03-2021
Chennai,630666,26-03-2021
Coimbatore,157213,26-03-2021
Cuddalore,62285,26-03-2021
Dharmapuri,45483,26-03-2021
Dindigul,57424,26-03-2021
Erode,58676,26-03-2021
Kallakurichi,27538,26-03-2021
Kancheepuram,32071,26-03-2021
Kanniyakumari,51613,26-03-2021
Karur,29377,26-03-2021
Krishnagiri,73932,26-03-2021
Madurai,104328,26-03-2021
Nagapattinam,27447,26-03-2021
Namakkal,69773,26-03-2021
The Nilgiris,62676,26-03-2021
Perambalur,19107,26-03-2021
Pudukkottai,36701,26-03-2021
Ramanathapuram,28437,26-03-2021
Ranipet,20019,26-03-2021
Salem,168606,26-03-2021
Sivagangai,32590,26-03-2021
Tenkasi,31620,26-03-2021
Thanjavur,67585,26-03-2021
Theni,23509,26-03-2021
Thoothukudi,32555,26-03-2021
Tiruchirapalli,97975,26-03-2021
Tirunelveli,33281,26-03-2021
Tirupathur,26398,26-03-2021
Tiruppur,56398,26-03-2021
Tiruvallur,76380,26-03-2021
Tiruvannamalai,39762,26-03-2021
Tiruvarur,19031,26-03-2021
Vellore,69561,26-03-2021
Villupuram,66578,26-03-2021
Virudhunagar,88806,26-03-2021
Ariyalur,38323,26-04-2021
Chengalpattu,222627,26-04-2021
Chennai,1361919,26-04-2021
Coimbatore,387961,26-04-2021
Cuddalore,128795,26-04-2021
Dharmapuri,79630,26-04-2021
Dindigul,123529,26-04-2021
Erode,122448,26-04-2021
Kallakurichi,51403,26-04-2021
Kancheepuram,61592,26-04-2021
Kanniyakumari,107297,26-04-2021
Karur,51555,26-04-2021
Krishnagiri,122430,26-04-2021
Madurai,206730,26-04-2021
Nagapattinam,52005,26-04-2021
Namakkal,128158,26-04-2021
The Nilgiris,123654,26-04-2021
Perambalur,31533,26-04-2021
Pudukkottai,74810,26-04-2021
Ramanathapuram,65292,26-04-2021
Ranipet,42553,26-04-2021
Salem,317252,26-04-2021
Sivagangai,60488,26-04-2021
Tenkasi,55374,26-04-2021
Thanjavur,129652,26-04-2021
Theni,53805,26-04-2021
Thoothukudi,71251,26-04-2021
Tiruchirapalli,195481,26-04-2021
Tirunelveli,65276,26-04-2021
Tirupathur,62459,26-04-2021
Tiruppur,122816,26-04-2021
Tiruvallur,162512,26-04-2021
Tiruvannamalai,76334,26-04-2021
Tiruvarur,40779,26-04-2021
Vellore,155016,26-04-2021
Villupuram,95075,26-04-2021
Virudhunagar,173831,26-04-2021
Ariyalur,61063,26-05-2021
Chengalpattu,316891,26-05-2021
Chennai,1911758,26-05-2021
Coimbatore,542442,26-05-2021
Cuddalore,177363,26-05-2021
Dharmapuri,118193,26-05-2021
Dindigul,179988,26-05-2021
Erode,191816,26-05-2021
Kallakurichi,78398,26-05-2021
Kancheepuram,104551,26-05-2021
Kanniyakumari,165327,26-05-2021
Karur,89699,26-05-2021
Krishnagiri,179852,26-05-2021
Madurai,285503,26-05-2021
Nagapattinam,80686,26-05-2021
Namakkal,195766,26-05-2021
The Nilgiris,179805,26-05-2021
Perambalur,46244,26-05-2021
Pudukkottai,116417,26-05-2021
Ramanathapuram,96249,26-05-2021
Ranipet,61970,26-05-2021
Salem,443133,26-05-2021
Sivagangai,94312,26-05-2021
Tenkasi,84020,26-05-2021
Thanjavur,177789,26-05-2021
Theni,74312,26-05-2021
Thoothukudi,116571,26-05-2021
Tiruchirapalli,274388,26-05-2021
Tirunelveli,101627,26-05-2021
Tirupathur,86991,26-05-2021
Tiruppur,184336,26-05-2021
Tiruvallur,240162,26-05-2021
Tiruvannamalai,112199,26-05-2021
Tiruvarur,67985,26-05-2021
Vellore,196473,26-05-2021
Villupuram,135936,26-05-2021
Virudhunagar,246034,26-05-2021
Ariyalur,19741,27-03-2021
Chengalpattu,107697,27-03-2021
Chennai,662870,27-03-2021
Coimbatore,166924,27-03-2021
Cuddalore,64791,27-03-2021
Dharmapuri,46348,27-03-2021
Dindigul,58742,27-03-2021
Erode,60786,27-03-2021
Kallakurichi,28326,27-03-2021
Kancheepuram,32906,27-03-2021
Kanniyakumari,52912,27-03-2021
Karur,30456,27-03-2021
Krishnagiri,75817,27-03-2021
Madurai,109868,27-03-2021
Nagapattinam,27977,27-03-2021
Namakkal,71882,27-03-2021
The Nilgiris,65116,27-03-2021
Perambalur,19373,27-03-2021
Pudukkottai,37900,27-03-2021
Ramanathapuram,29325,27-03-2021
Ranipet,20631,27-03-2021
Salem,173875,27-03-2021
Sivagangai,33274,27-03-2021
Tenkasi,32079,27-03-2021
Thanjavur,69429,27-03-2021
Theni,24226,27-03-2021
Thoothukudi,33313,27-03-2021
Tiruchirapalli,101615,27-03-2021
Tirunelveli,33989,27-03-2021
Tirupathur,27352,27-03-2021
Tiruppur,58079,27-03-2021
Tiruvallur,79074,27-03-2021
Tiruvannamalai,40611,27-03-2021
Tiruvarur,19670,27-03-2021
Vellore,74051,27-03-2021
Villupuram,68549,27-03-2021
Virudhunagar,94249,27-03-2021
Ariyalur,39293,27-04-2021
Chengalpattu,227969,27-04-2021
Chennai,1396797,27-04-2021
Coimbatore,398724,27-04-2021
Cuddalore,132829,27-04-2021
Dharmapuri,81892,27-04-2021
Dindigul,127507,27-04-2021
Erode,125689,27-04-2021
Kallakurichi,52362,27-04-2021
Kancheepuram,63085,27-04-2021
Kanniyakumari,110248,27-04-2021
Karur,52382,27-04-2021
Krishnagiri,123938,27-04-2021
Madurai,213287,27-04-2021
Nagapattinam,52902,27-04-2021
Namakkal,132901,27-04-2021
The Nilgiris,125910,27-04-2021
Perambalur,32004,27-04-2021
Pudukkottai,76214,27-04-2021
Ramanathapuram,66670,27-04-2021
Ranipet,42954,27-04-2021
Salem,323418,27-04-2021
Sivagangai,61640,27-04-2021
Tenkasi,56564,27-04-2021
Thanjavur,132375,27-04-2021
Theni,54803,27-04-2021
Thoothukudi,73721,27-04-2021
Tiruchirapalli,199534,27-04-2021
Tirunelveli,66768,27-04-2021
Tirupathur,63644,27-04-2021
Tiruppur,127520,27-04-2021
Tiruvallur,165685,27-04-2021
Tiruvannamalai,77484,27-04-2021
Tiruvarur,41865,27-04-2021
Vellore,158051,27-04-2021
Villupuram,96648,27-04-2021
Virudhunagar,176467,27-04-2021
Ariyalur,63606,27-05-2021
Chengalpattu,330259,27-05-2021
Chennai,1947518,27-05-2021
Coimbatore,553201,27-05-2021
Cuddalore,181808,27-05-2021
Dharmapuri,125595,27-05-2021
Dindigul,189601,27-05-2021
Erode,201516,27-05-2021
Kallakurichi,83458,27-05-2021
Kancheepuram,115461,27-05-2021
Kanniyakumari,176584,27-05-2021
Karur,92373,27-05-2021
Krishnagiri,187299,27-05-2021
Madurai,301882,27-05-2021
Nagapattinam,86945,27-05-2021
Namakkal,205800,27-05-2021
The Nilgiris,181336,27-05-2021
Perambalur,47998,27-05-2021
Pudukkottai,125155,27-05-2021
Ramanathapuram,99475,27-05-2021
Ranipet,65153,27-05-2021
Salem,456865,27-05-2021
Sivagangai,99838,27-05-2021
Tenkasi,90646,27-05-2021
Thanjavur,195097,27-05-2021
Theni,76907,27-05-2021
Thoothukudi,124319,27-05-2021
Tiruchirapalli,291856,27-05-2021
Tirunelveli,109483,27-05-2021
Tirupathur,91673,27-05-2021
Tiruppur,198027,27-05-2021
Tiruvallur,251814,27-05-2021
Tiruvannamalai,118748,27-05-2021
Tiruvarur,75387,27-05-2021
Vellore,202792,27-05-2021
Villupuram,139564,27-05-2021
Virudhunagar,255125,27-05-2021
Ariyalur,40144,28-04-2021
Chengalpattu,235184,28-04-2021
Chennai,1422155,28-04-2021
Coimbatore,410986,28-04-2021
Cuddalore,135943,28-04-2021
Dharmapuri,83899,28-04-2021
Dindigul,131273,28-04-2021
Erode,128959,28-04-2021
Kallakurichi,53404,28-04-2021
Kancheepuram,64335,28-04-2021
Kanniyakumari,113531,28-04-2021
Karur,53216,28-04-2021
Krishnagiri,126674,28-04-2021
Madurai,216713,28-04-2021
Nagapattinam,54417,28-04-2021
Namakkal,134714,28-04-2021
The Nilgiris,128142,28-04-2021
Perambalur,32692,28-04-2021
Pudukkottai,77693,28-04-2021
Ramanathapuram,67897,28-04-2021
Ranipet,43931,28-04-2021
Salem,328599,28-04-2021
Sivagangai,63073,28-04-2021
Tenkasi,57706,28-04-2021
Thanjavur,135034,28-04-2021
Theni,56059,28-04-2021
Thoothukudi,74865,28-04-2021
Tiruchirapalli,203713,28-04-2021
Tirunelveli,68053,28-04-2021
Tirupathur,64892,28-04-2021
Tiruppur,130557,28-04-2021
Tiruvallur,170688,28-04-2021
Tiruvannamalai,78785,28-04-2021
Tiruvarur,43081,28-04-2021
Vellore,160528,28-04-2021
Villupuram,97958,28-04-2021
Virudhunagar,178986,28-04-2021
Ariyalur,66831,28-05-2021
Chengalpattu,345632,28-05-2021
Chennai,1982546,28-05-2021
Coimbatore,563463,28-05-2021
Cuddalore,186204,28-05-2021
Dharmapuri,132918,28-05-2021
Dindigul,197923,28-05-2021
Erode,207672,28-05-2021
Kallakurichi,88368,28-05-2021
Kancheepuram,122780,28-05-2021
Kanniyakumari,179441,28-05-2021
Karur,93690,28-05-2021
Krishnagiri,197902,28-05-2021
Madurai,322760,28-05-2021
Nagapattinam,93132,28-05-2021
Namakkal,212971,28-05-2021
The Nilgiris,183687,28-05-2021
Perambalur,50688,28-05-2021
Pudukkottai,130628,28-05-2021
Ramanathapuram,103970,28-05-2021
Ranipet,68948,28-05-2021
Salem,472436,28-05-2021
Sivagangai,105685,28-05-2021
Tenkasi,98057,28-05-2021
Thanjavur,204683,28-05-2021
Theni,80712,28-05-2021
Thoothukudi,131780,28-05-2021
Tiruchirapalli,306227,28-05-2021
Tirunelveli,118452,28-05-2021
Tirupathur,96194,28-05-2021
Tiruppur,212505,28-05-2021
Tiruvallur,264532,28-05-2021
Tiruvannamalai,127363,28-05-2021
Tiruvarur,82738,28-05-2021
Vellore,210250,28-05-2021
Villupuram,144274,28-05-2021
Virudhunagar,262073,28-05-2021
Ariyalur,20240,29-03-2021
Chengalpattu,112329,29-03-2021
Chennai,701721,29-03-2021
Coimbatore,179560,29-03-2021
Cuddalore,67416,29-03-2021
Dharmapuri,47621,29-03-2021
Dindigul,60300,29-03-2021
Erode,63327,29-03-2021
Kallakurichi,29452,29-03-2021
Kancheepuram,33641,29-03-2021
Kanniyakumari,54595,29-03-2021
Karur,31553,29-03-2021
Krishnagiri,77613,29-03-2021
Madurai,114997,29-03-2021
Nagapattinam,28786,29-03-2021
Namakkal,74209,29-03-2021
The Nilgiris,67849,29-03-2021
Perambalur,19903,29-03-2021
Pudukkottai,39395,29-03-2021
Ramanathapuram,30469,29-03-2021
Ranipet,21443,29-03-2021
Salem,179981,29-03-2021
Sivagangai,34169,29-03-2021
Tenkasi,32866,29-03-2021
Thanjavur,71881,29-03-2021
Theni,24896,29-03-2021
Thoothukudi,34334,29-03-2021
Tiruchirapalli,104982,29-03-2021
Tirunelveli,35014,29-03-2021
Tirupathur,28422,29-03-2021
Tiruppur,60536,29-03-2021
Tiruvallur,82034,29-03-2021
Tiruvannamalai,41873,29-03-2021
Tiruvarur,20168,29-03-2021
Vellore,76871,29-03-2021
Villupuram,70206,29-03-2021
Virudhunagar,99056,29-03-2021
Ariyalur,41104,29-04-2021
Chengalpattu,242809,29-04-2021
Chennai,1450528,29-04-2021
Coimbatore,414431,29-04-2021
Cuddalore,138848,29-04-2021
Dharmapuri,84915,29-04-2021
Dindigul,133368,29-04-2021
Erode,131676,29-04-2021
Kallakurichi,54273,29-04-2021
Kancheepuram,65598,29-04-2021
Kanniyakumari,114527,29-04-2021
Karur,53701,29-04-2021
Krishnagiri,127632,29-04-2021
Madurai,220013,29-04-2021
Nagapattinam,55764,29-04-2021
Namakkal,135755,29-04-2021
The Nilgiris,129190,29-04-2021
Perambalur,33307,29-04-2021
Pudukkottai,79266,29-04-2021
Ramanathapuram,68929,29-04-2021
Ranipet,45111,29-04-2021
Salem,333263,29-04-2021
Sivagangai,64188,29-04-2021
Tenkasi,58565,29-04-2021
Thanjavur,137815,29-04-2021
Theni,57269,29-04-2021
Thoothukudi,76399,29-04-2021
Tiruchirapalli,207757,29-04-2021
Tirunelveli,69404,29-04-2021
Tirupathur,66168,29-04-2021
Tiruppur,132658,29-04-2021
Tiruvallur,176248,29-04-2021
Tiruvannamalai,80028,29-04-2021
Tiruvarur,43938,29-04-2021
Vellore,164783,29-04-2021
Villupuram,99467,29-04-2021
Virudhunagar,180636,29-04-2021
Ariyalur,69525,29-05-2021
Chengalpattu,356350,29-05-2021
Chennai,2003667,29-05-2021
Coimbatore,585713,29-05-2021
Cuddalore,192950,29-05-2021
Dharmapuri,137173,29-05-2021
Dindigul,205349,29-05-2021
Erode,210054,29-05-2021
Kallakurichi,92632,29-05-2021
Kancheepuram,125499,29-05-2021
Kanniyakumari,183995,29-05-2021
Karur,95788,29-05-2021
Krishnagiri,206245,29-05-2021
Madurai,338618,29-05-2021
Nagapattinam,97086,29-05-2021
Namakkal,217183,29-05-2021
The Nilgiris,184312,29-05-2021
Perambalur,52459,29-05-2021
Pudukkottai,135722,29-05-2021
Ramanathapuram,107883,29-05-2021
Ranipet,72301,29-05-2021
Salem,480377,29-05-2021
Sivagangai,109870,29-05-2021
Tenkasi,105555,29-05-2021
Thanjavur,209686,29-05-2021
Theni,87454,29-05-2021
Thoothukudi,140602,29-05-2021
Tiruchirapalli,317492,29-05-2021
Tirunelveli,129489,29-05-2021
Tirupathur,101416,29-05-2021
Tiruppur,221958,29-05-2021
Tiruvallur,279097,29-05-2021
Tiruvannamalai,134162,29-05-2021
Tiruvarur,87604,29-05-2021
Vellore,217702,29-05-2021
Villupuram,156501,29-05-2021
Virudhunagar,267072,29-05-2021
Ariyalur,20602,30-03-2021
Chengalpattu,115550,30-03-2021
Chennai,724688,30-03-2021
Coimbatore,184712,30-03-2021
Cuddalore,69286,30-03-2021
Dharmapuri,48296,30-03-2021
Dindigul,61750,30-03-2021
Erode,65013,30-03-2021
Kallakurichi,30450,30-03-2021
Kancheepuram,34373,30-03-2021
Kanniyakumari,55986,30-03-2021
Karur,32448,30-03-2021
Krishnagiri,79108,30-03-2021
Madurai,118417,30-03-2021
Nagapattinam,29540,30-03-2021
Namakkal,75814,30-03-2021
The Nilgiris,69257,30-03-2021
Perambalur,20191,30-03-2021
Pudukkottai,40543,30-03-2021
Ramanathapuram,31145,30-03-2021
Ranipet,21887,30-03-2021
Salem,184984,30-03-2021
Sivagangai,34725,30-03-2021
Tenkasi,33391,30-03-2021
Thanjavur,73774,30-03-2021
Theni,25475,30-03-2021
Thoothukudi,35097,30-03-2021
Tiruchirapalli,107693,30-03-2021
Tirunelveli,35919,30-03-2021
Tirupathur,29314,30-03-2021
Tiruppur,62304,30-03-2021
Tiruvallur,84025,30-03-2021
Tiruvannamalai,42728,30-03-2021
Tiruvarur,20519,30-03-2021
Vellore,78845,30-03-2021
Villupuram,71547,30-03-2021
Virudhunagar,102915,30-03-2021
Ariyalur,41833,30-04-2021
Chengalpattu,248636,30-04-2021
Chennai,1476060,30-04-2021
Coimbatore,418135,30-04-2021
Cuddalore,140691,30-04-2021
Dharmapuri,85512,30-04-2021
Dindigul,134511,30-04-2021
Erode,134002,30-04-2021
Kallakurichi,55225,30-04-2021
Kancheepuram,66785,30-04-2021
Kanniyakumari,116039,30-04-2021
Karur,54313,30-04-2021
Krishnagiri,129186,30-04-2021
Madurai,220434,30-04-2021
Nagapattinam,57719,30-04-2021
Namakkal,136228,30-04-2021
The Nilgiris,129546,30-04-2021
Perambalur,33756,30-04-2021
Pudukkottai,80863,30-04-2021
Ramanathapuram,70172,30-04-2021
Ranipet,45381,30-04-2021
Salem,336952,30-04-2021
Sivagangai,65582,30-04-2021
Tenkasi,59545,30-04-2021
Thanjavur,139773,30-04-2021
Theni,57644,30-04-2021
Thoothukudi,78407,30-04-2021
Tiruchirapalli,211751,30-04-2021
Tirunelveli,70817,30-04-2021
Tirupathur,67469,30-04-2021
Tiruppur,134327,30-04-2021
Tiruvallur,181456,30-04-2021
Tiruvannamalai,81518,30-04-2021
Tiruvarur,44601,30-04-2021
Vellore,166764,30-04-2021
Villupuram,100001,30-04-2021
Virudhunagar,182496,30-04-2021
Ariyalur,70525,30-05-2021
Chengalpattu,358414,30-05-2021
Chennai,2011501,30-05-2021
Coimbatore,592509,30-05-2021
Cuddalore,194716,30-05-2021
Dharmapuri,137730,30-05-2021
Dindigul,206763,30-05-2021
Erode,210684,30-05-2021
Kallakurichi,93818,30-05-2021
Kancheepuram,125942,30-05-2021
Kanniyakumari,183995,30-05-2021
Karur,96166,30-05-2021
Krishnagiri,206745,30-05-2021
Madurai,341792,30-05-2021
Nagapattinam,97812,30-05-2021
Namakkal,218162,30-05-2021
The Nilgiris,185933,30-05-2021
Perambalur,52886,30-05-2021
Pudukkottai,135966,30-05-2021
Ramanathapuram,108186,30-05-2021
Ranipet,73496,30-05-2021
Salem,480524,30-05-2021
Sivagangai,110213,30-05-2021
Tenkasi,107050,30-05-2021
Thanjavur,211141,30-05-2021
Theni,88096,30-05-2021
Thoothukudi,143469,30-05-2021
Tiruchirapalli,317977,30-05-2021
Tirunelveli,130372,30-05-2021
Tirupathur,103516,30-05-2021
Tiruppur,223108,30-05-2021
Tiruvallur,281310,30-05-2021
Tiruvannamalai,136004,30-05-2021
Tiruvarur,88114,30-05-2021
Vellore,218111,30-05-2021
Villupuram,157640,30-05-2021
Virudhunagar,270091,30-05-2021
Ariyalur,20994,31-03-2021
Chengalpattu,118759,31-03-2021
Chennai,746340,31-03-2021
Coimbatore,189007,31-03-2021
Cuddalore,71356,31-03-2021
Dharmapuri,48977,31-03-2021
Dindigul,62946,31-03-2021
Erode,66724,31-03-2021
Kallakurichi,31230,31-03-2021
Kancheepuram,35112,31-03-2021
Kanniyakumari,57140,31-03-2021
Karur,33154,31-03-2021
Krishnagiri,80801,31-03-2021
Madurai,120859,31-03-2021
Nagapattinam,30311,31-03-2021
Namakkal,77397,31-03-2021
The Nilgiris,69938,31-03-2021
Perambalur,20536,31-03-2021
Pudukkottai,41780,31-03-2021
Ramanathapuram,32173,31-03-2021
Ranipet,22487,31-03-2021
Salem,189716,31-03-2021
Sivagangai,35442,31-03-2021
Tenkasi,33867,31-03-2021
Thanjavur,75316,31-03-2021
Theni,26294,31-03-2021
Thoothukudi,35859,31-03-2021
Tiruchirapalli,110234,31-03-2021
Tirunelveli,36728,31-03-2021
Tirupathur,30295,31-03-2021
Tiruppur,64563,31-03-2021
Tiruvallur,86220,31-03-2021
Tiruvannamalai,43727,31-03-2021
Tiruvarur,20799,31-03-2021
Vellore,84762,31-03-2021
Villupuram,72640,31-03-2021
Virudhunagar,107148,31-03-2021
Ariyalur,71873,31-05-2021
Chengalpattu,362792,31-05-2021
Chennai,2021826,31-05-2021
Coimbatore,598405,31-05-2021
Cuddalore,202014,31-05-2021
Dharmapuri,139101,31-05-2021
Dindigul,211126,31-05-2021
Erode,216067,31-05-2021
Kallakurichi,97391,31-05-2021
Kancheepuram,127099,31-05-2021
Kanniyakumari,187706,31-05-2021
Karur,96932,31-05-2021
Krishnagiri,214248,31-05-2021
Madurai,348040,31-05-2021
Nagapattinam,101005,31-05-2021
Namakkal,220732,31-05-2021
The Nilgiris,188497,31-05-2021
Perambalur,53703,31-05-2021
Pudukkottai,138854,31-05-2021
Ramanathapuram,111359,31-05-2021
Ranipet,76229,31-05-2021
Salem,486869,31-05-2021
Sivagangai,113102,31-05-2021
Tenkasi,107666,31-05-2021
Thanjavur,213036,31-05-2021
Theni,97272,31-05-2021
Thoothukudi,150698,31-05-2021
Tiruchirapalli,324630,31-05-2021
Tirunelveli,138147,31-05-2021
Tirupathur,109099,31-05-2021
Tiruppur,233828,31-05-2021
Tiruvallur,286742,31-05-2021
Tiruvannamalai,142296,31-05-2021
Tiruvarur,90234,31-05-2021
Vellore,220956,31-05-2021
Villupuram,161057,31-05-2021
Virudhunagar,272221,31-05-2021
